ุงูููุช ุงููุนูู ูููุธุงู,ุงูููุช ูู ุงูุฑุณุงูุฉ,ุงุณู ุงููุณุชุฎุฏู,ุงูุฑุณุงูุฉ
2025-04-09 01:27:26,,CSmohmmadSH,ุบููุฉ ูข
2025-04-09 01:27:29,,CSmohmmadSH,ุบููุฉ ูข
2025-04-09 01:27:29,,Mo_Ghanem,2
2025-04-09 01:27:29,,iqerth,ูุงุนูุฑู ๐ญ๐ค๐ฅณ
2025-04-09 01:27:29,,PhAhmed,ูุฑูุณ ูุงููู
2025-04-09 01:27:29,,Eilia1,
2025-04-09 01:27:31,,CSmohmmadSH,ุบููุฉ ูข
2025-04-09 01:27:31,,Mo_Ghanem,2
2025-04-09 01:27:31,,iqerth,ูุงุนูุฑู ๐ญ๐ค๐ฅณ
2025-04-09 01:27:31,,PhAhmed,ูุฑูุณ ูุงููู
2025-04-09 01:27:31,,Eilia1,
2025-04-09 01:27:31,,Yassodj,
2025-04-09 01:27:31,,re_mo4,ูู ุญููู ุงููุนุจู ูุงุฎู
2025-04-09 01:27:33,,CSmohmmadSH,ุบููุฉ ูข
2025-04-09 01:27:33,,Mo_Ghanem,2
2025-04-09 01:27:33,,iqerth,ูุงุนูุฑู ๐ญ๐ค๐ฅณ
2025-04-09 01:27:33,,PhAhmed,ูุฑูุณ ูุงููู
2025-04-09 01:27:33,,Eilia1,
2025-04-09 01:27:33,,Yassodj,
2025-04-09 01:27:33,,re_mo4,ูู ุญููู ุงููุนุจู ูุงุฎู
2025-04-09 01:27:35,,CSmohmmadSH,ุบููุฉ ูข
2025-04-09 01:27:35,,Mo_Ghanem,2
2025-04-09 01:27:35,,iqerth,ูุงุนูุฑู ๐ญ๐ค๐ฅณ
2025-04-09 01:27:35,,PhAhmed,ูุฑูุณ ูุงููู
2025-04-09 01:27:35,,Eilia1,
2025-04-09 01:27:36,,Yassodj,
2025-04-09 01:27:36,,re_mo4,ูู ุญููู ุงููุนุจู ูุงุฎู
2025-04-09 01:27:36,,Mohamed_9_0,ุงูุดุงุดู ุตุงุฑุช ูุนููู
2025-04-09 01:27:38,,CSmohmmadSH,ุบููุฉ ูข
2025-04-09 01:27:38,,Mo_Ghanem,2
2025-04-09 01:27:38,,iqerth,ูุงุนูุฑู ๐ญ๐ค๐ฅณ
2025-04-09 01:27:38,,PhAhmed,ูุฑูุณ ูุงููู
2025-04-09 01:27:38,,Eilia1,
2025-04-09 01:27:38,,Yassodj,
2025-04-09 01:27:38,,re_mo4,ูู ุญููู ุงููุนุจู ูุงุฎู
2025-04-09 01:27:38,,Mohamed_9_0,ุงูุดุงุดู ุตุงุฑุช ูุนููู
2025-04-09 01:27:38,,Cz95,ูููููููู
2025-04-09 01:27:38,,Bahr_Egypt,
2025-04-09 01:27:38,,AYOUB_AL_ABBASI,ุณูุฏู ุงุญุณู ููุตู ุจุงููุฌุฑุฉ
2025-04-09 01:27:40,,CSmohmmadSH,ุบููุฉ ูข
2025-04-09 01:27:40,,Mo_Ghanem,2
2025-04-09 01:27:40,,iqerth,ูุงุนูุฑู ๐ญ๐ค๐ฅณ
2025-04-09 01:27:40,,PhAhmed,ูุฑูุณ ูุงููู
2025-04-09 01:27:40,,Eilia1,
2025-04-09 01:27:40,,Yassodj,
2025-04-09 01:27:40,,re_mo4,ูู ุญููู ุงููุนุจู ูุงุฎู
2025-04-09 01:27:40,,Mohamed_9_0,ุงูุดุงุดู ุตุงุฑุช ูุนููู
2025-04-09 01:27:41,,Cz95,ูููููููู
2025-04-09 01:27:41,,Bahr_Egypt,
2025-04-09 01:27:41,,AYOUB_AL_ABBASI,ุณูุฏู ุงุญุณู ููุตู ุจุงููุฌุฑุฉ
2025-04-09 01:27:41,,Yassodj,
2025-04-09 01:27:43,,CSmohmmadSH,ุบููุฉ ูข
2025-04-09 01:27:43,,Mo_Ghanem,2
2025-04-09 01:27:43,,iqerth,ูุงุนูุฑู ๐ญ๐ค๐ฅณ
2025-04-09 01:27:43,,PhAhmed,ูุฑูุณ ูุงููู
2025-04-09 01:27:43,,Eilia1,
2025-04-09 01:27:43,,Yassodj,
2025-04-09 01:27:43,,re_mo4,ูู ุญููู ุงููุนุจู ูุงุฎู
2025-04-09 01:27:43,,Mohamed_9_0,ุงูุดุงุดู ุตุงุฑุช ูุนููู
2025-04-09 01:27:43,,Cz95,ูููููููู
2025-04-09 01:27:43,,Bahr_Egypt,
2025-04-09 01:27:43,,AYOUB_AL_ABBASI,ุณูุฏู ุงุญุณู ููุตู ุจุงููุฌุฑุฉ
2025-04-09 01:27:43,,Yassodj,
2025-04-09 01:27:43,,99Anas99,ูู ุงูุง ุงููุช ุนูุฏู ุถุนูู ุงูุง ุจุณูุฑูุง ูุงูู ุงูุชุทุจูู ูุงู ูุญุชุงุฌ ูุช ููู ูุดุงู ุงูุชุญ ูู ูุฑูู ุฏุงุฆูุง ูุดุงู ููู ูุชุนูุฏ ุน ูุฑูู ูุญุงุทุช ุงุฎุชุตุงุฑ ุนุงูุดุงุดุฉ ุงูุฑุฆูุณูุฉ
2025-04-09 01:27:43,,mo7ammed_808,ุงุฑุฌุน ุนุงูุฒุจุงูุฉ ุงุฒุจุท
2025-04-09 01:27:43,,Ali_Ba,
2025-04-09 01:27:43,,BotHix,
2025-04-09 01:27:43,,mani0_o,
2025-04-09 01:27:43,,BotHix,
2025-04-09 01:27:46,,CSmohmmadSH,ุบููุฉ ูข
2025-04-09 01:27:46,,Mo_Ghanem,2
2025-04-09 01:27:46,,iqerth,ูุงุนูุฑู ๐ญ๐ค๐ฅณ
2025-04-09 01:27:46,,PhAhmed,ูุฑูุณ ูุงููู
2025-04-09 01:27:46,,Eilia1,
2025-04-09 01:27:46,,Yassodj,
2025-04-09 01:27:46,,re_mo4,ูู ุญููู ุงููุนุจู ูุงุฎู
2025-04-09 01:27:46,,Mohamed_9_0,ุงูุดุงุดู ุตุงุฑุช ูุนููู
2025-04-09 01:27:46,,Cz95,ูููููููู
2025-04-09 01:27:46,,Bahr_Egypt,
2025-04-09 01:27:46,,AYOUB_AL_ABBASI,ุณูุฏู ุงุญุณู ููุตู ุจุงููุฌุฑุฉ
2025-04-09 01:27:46,,Yassodj,
2025-04-09 01:27:46,,99Anas99,ูู ุงูุง ุงููุช ุนูุฏู ุถุนูู ุงูุง ุจุณูุฑูุง ูุงูู ุงูุชุทุจูู ูุงู ูุญุชุงุฌ ูุช ููู ูุดุงู ุงูุชุญ ูู ูุฑูู ุฏุงุฆูุง ูุดุงู ููู ูุชุนูุฏ ุน ูุฑูู ูุญุงุทุช ุงุฎุชุตุงุฑ ุนุงูุดุงุดุฉ ุงูุฑุฆูุณูุฉ
2025-04-09 01:27:46,,mo7ammed_808,ุงุฑุฌุน ุนุงูุฒุจุงูุฉ ุงุฒุจุท
2025-04-09 01:27:46,,Ali_Ba,
2025-04-09 01:27:46,,BotHix,
2025-04-09 01:27:46,,mani0_o,
2025-04-09 01:27:46,,BotHix,
2025-04-09 01:27:46,,PhAhmed,
2025-04-09 01:27:46,,OmAr9440,
2025-04-09 01:27:46,,HusseinNamer,
2025-04-09 01:27:46,,mo7areb_7,
2025-04-09 01:27:48,,CSmohmmadSH,ุบููุฉ ูข
2025-04-09 01:27:48,,Mo_Ghanem,2
2025-04-09 01:27:48,,iqerth,ูุงุนูุฑู ๐ญ๐ค๐ฅณ
2025-04-09 01:27:49,,PhAhmed,ูุฑูุณ ูุงููู
2025-04-09 01:27:49,,Eilia1,
2025-04-09 01:27:49,,Yassodj,
2025-04-09 01:27:49,,re_mo4,ูู ุญููู ุงููุนุจู ูุงุฎู
2025-04-09 01:27:49,,Mohamed_9_0,ุงูุดุงุดู ุตุงุฑุช ูุนููู
2025-04-09 01:27:49,,Cz95,ูููููููู
2025-04-09 01:27:49,,Bahr_Egypt,
2025-04-09 01:27:49,,AYOUB_AL_ABBASI,ุณูุฏู ุงุญุณู ููุตู ุจุงููุฌุฑุฉ
2025-04-09 01:27:49,,Yassodj,
2025-04-09 01:27:49,,99Anas99,ูู ุงูุง ุงููุช ุนูุฏู ุถุนูู ุงูุง ุจุณูุฑูุง ูุงูู ุงูุชุทุจูู ูุงู ูุญุชุงุฌ ูุช ููู ูุดุงู ุงูุชุญ ูู ูุฑูู ุฏุงุฆูุง ูุดุงู ููู ูุชุนูุฏ ุน ูุฑูู ูุญุงุทุช ุงุฎุชุตุงุฑ ุนุงูุดุงุดุฉ ุงูุฑุฆูุณูุฉ
2025-04-09 01:27:49,,mo7ammed_808,ุงุฑุฌุน ุนุงูุฒุจุงูุฉ ุงุฒุจุท
2025-04-09 01:27:49,,Ali_Ba,
2025-04-09 01:27:49,,BotHix,
2025-04-09 01:27:49,,mani0_o,
2025-04-09 01:27:49,,BotHix,
2025-04-09 01:27:49,,PhAhmed,
2025-04-09 01:27:49,,OmAr9440,
2025-04-09 01:27:49,,HusseinNamer,
2025-04-09 01:27:49,,mo7areb_7,
2025-04-09 01:27:49,,3zie,
2025-04-09 01:27:49,,Yassodj,
2025-04-09 01:27:51,,Eilia1,
2025-04-09 01:27:51,,Yassodj,
2025-04-09 01:27:52,,re_mo4,ูู ุญููู ุงููุนุจู ูุงุฎู
2025-04-09 01:27:52,,Mohamed_9_0,ุงูุดุงุดู ุตุงุฑุช ูุนููู
2025-04-09 01:27:52,,Cz95,ูููููููู
2025-04-09 01:27:52,,Bahr_Egypt,
2025-04-09 01:27:52,,AYOUB_AL_ABBASI,ุณูุฏู ุงุญุณู ููุตู ุจุงููุฌุฑุฉ
2025-04-09 01:27:52,,Yassodj,
2025-04-09 01:27:52,,99Anas99,ูู ุงูุง ุงููุช ุนูุฏู ุถุนูู ุงูุง ุจุณูุฑูุง ูุงูู ุงูุชุทุจูู ูุงู ูุญุชุงุฌ ูุช ููู ูุดุงู ุงูุชุญ ูู ูุฑูู ุฏุงุฆูุง ูุดุงู ููู ูุชุนูุฏ ุน ูุฑูู ูุญุงุทุช ุงุฎุชุตุงุฑ ุนุงูุดุงุดุฉ ุงูุฑุฆูุณูุฉ
2025-04-09 01:27:52,,mo7ammed_808,ุงุฑุฌุน ุนุงูุฒุจุงูุฉ ุงุฒุจุท
2025-04-09 01:27:52,,Ali_Ba,
2025-04-09 01:27:52,,BotHix,
2025-04-09 01:27:52,,mani0_o,
2025-04-09 01:27:52,,BotHix,
2025-04-09 01:27:52,,PhAhmed,
2025-04-09 01:27:52,,OmAr9440,
2025-04-09 01:27:52,,HusseinNamer,
2025-04-09 01:27:52,,mo7areb_7,
2025-04-09 01:27:52,,3zie,
2025-04-09 01:27:52,,Yassodj,
2025-04-09 01:27:52,,A_ZAZA,ูููููููููููููู
2025-04-09 01:27:52,,Bahr_Egypt,
2025-04-09 01:27:52,,Mostafa_Ramadan,ุงู ุงูุชุญุฏูุซ ุฏู
2025-04-09 01:27:52,,1ruzex,
2025-04-09 01:27:52,,HusseinNamer,
2025-04-09 01:27:55,,AYOUB_AL_ABBASI,ุณูุฏู ุงุญุณู ููุตู ุจุงููุฌุฑุฉ
2025-04-09 01:27:55,,Yassodj,
2025-04-09 01:27:55,,99Anas99,ูู ุงูุง ุงููุช ุนูุฏู ุถุนูู ุงูุง ุจุณูุฑูุง ูุงูู ุงูุชุทุจูู ูุงู ูุญุชุงุฌ ูุช ููู ูุดุงู ุงูุชุญ ูู ูุฑูู ุฏุงุฆูุง ูุดุงู ููู ูุชุนูุฏ ุน ูุฑูู ูุญุงุทุช ุงุฎุชุตุงุฑ ุนุงูุดุงุดุฉ ุงูุฑุฆูุณูุฉ
2025-04-09 01:27:55,,mo7ammed_808,ุงุฑุฌุน ุนุงูุฒุจุงูุฉ ุงุฒุจุท
2025-04-09 01:27:55,,Ali_Ba,
2025-04-09 01:27:55,,BotHix,
2025-04-09 01:27:55,,mani0_o,
2025-04-09 01:27:55,,BotHix,
2025-04-09 01:27:55,,PhAhmed,
2025-04-09 01:27:55,,OmAr9440,
2025-04-09 01:27:55,,HusseinNamer,
2025-04-09 01:27:55,,mo7areb_7,
2025-04-09 01:27:55,,3zie,
2025-04-09 01:27:55,,Yassodj,
2025-04-09 01:27:55,,A_ZAZA,ูููููููููููููู
2025-04-09 01:27:55,,Bahr_Egypt,
2025-04-09 01:27:55,,Mostafa_Ramadan,ุงู ุงูุชุญุฏูุซ ุฏู
2025-04-09 01:27:55,,1ruzex,
2025-04-09 01:27:55,,HusseinNamer,
2025-04-09 01:27:55,,iqerth,ุดูู ุฏุฒูู ุดุชุฑุงู
2025-04-09 01:27:55,,Nadrovic1,
2025-04-09 01:27:55,,Muller_SY,
2025-04-09 01:27:55,,Gamer23h,
2025-04-09 01:27:55,,Abdalrhman1846,ูุฑุณุชุงู ูุงุนุฏ ูุฎุฑุจ ุงููุนุจู
2025-04-09 01:27:55,,No011,ูุงุจู ูุนุจุฉ ุฌุงููู
2025-04-09 01:27:58,,Yassodj,
2025-04-09 01:27:58,,99Anas99,ูู ุงูุง ุงููุช ุนูุฏู ุถุนูู ุงูุง ุจุณูุฑูุง ูุงูู ุงูุชุทุจูู ูุงู ูุญุชุงุฌ ูุช ููู ูุดุงู ุงูุชุญ ูู ูุฑูู ุฏุงุฆูุง ูุดุงู ููู ูุชุนูุฏ ุน ูุฑูู ูุญุงุทุช ุงุฎุชุตุงุฑ ุนุงูุดุงุดุฉ ุงูุฑุฆูุณูุฉ
2025-04-09 01:27:58,,mo7ammed_808,ุงุฑุฌุน ุนุงูุฒุจุงูุฉ ุงุฒุจุท
2025-04-09 01:27:58,,Ali_Ba,
2025-04-09 01:27:58,,BotHix,
2025-04-09 01:27:58,,mani0_o,
2025-04-09 01:27:58,,BotHix,
2025-04-09 01:27:58,,PhAhmed,
2025-04-09 01:27:58,,OmAr9440,
2025-04-09 01:27:58,,HusseinNamer,
2025-04-09 01:27:58,,mo7areb_7,
2025-04-09 01:27:58,,3zie,
2025-04-09 01:27:58,,Yassodj,
2025-04-09 01:27:58,,A_ZAZA,ูููููููููููููู
2025-04-09 01:27:58,,Bahr_Egypt,
2025-04-09 01:27:58,,Mostafa_Ramadan,ุงู ุงูุชุญุฏูุซ ุฏู
2025-04-09 01:27:58,,1ruzex,
2025-04-09 01:27:58,,HusseinNamer,
2025-04-09 01:27:58,,iqerth,ุดูู ุฏุฒูู ุดุชุฑุงู
2025-04-09 01:27:58,,Nadrovic1,
2025-04-09 01:27:58,,Muller_SY,
2025-04-09 01:27:58,,Gamer23h,
2025-04-09 01:27:58,,Abdalrhman1846,ูุฑุณุชุงู ูุงุนุฏ ูุฎุฑุจ ุงููุนุจู
2025-04-09 01:27:58,,No011,ูุงุจู ูุนุจุฉ ุฌุงููู
2025-04-09 01:27:59,,Yassodj,
2025-04-09 01:28:01,,BotHix,
2025-04-09 01:28:01,,PhAhmed,
2025-04-09 01:28:01,,OmAr9440,
2025-04-09 01:28:01,,HusseinNamer,
2025-04-09 01:28:01,,mo7areb_7,
2025-04-09 01:28:01,,3zie,
2025-04-09 01:28:01,,Yassodj,
2025-04-09 01:28:01,,A_ZAZA,ูููููููููููููู
2025-04-09 01:28:01,,Bahr_Egypt,
2025-04-09 01:28:01,,Mostafa_Ramadan,ุงู ุงูุชุญุฏูุซ ุฏู
2025-04-09 01:28:01,,1ruzex,
2025-04-09 01:28:01,,HusseinNamer,
2025-04-09 01:28:01,,iqerth,ุดูู ุฏุฒูู ุดุชุฑุงู
2025-04-09 01:28:01,,Nadrovic1,
2025-04-09 01:28:01,,Muller_SY,
2025-04-09 01:28:01,,Gamer23h,
2025-04-09 01:28:01,,Abdalrhman1846,ูุฑุณุชุงู ูุงุนุฏ ูุฎุฑุจ ุงููุนุจู
2025-04-09 01:28:01,,No011,ูุงุจู ูุนุจุฉ ุฌุงููู
2025-04-09 01:28:01,,Yassodj,
2025-04-09 01:28:01,,HIl7,!Points
2025-04-09 01:28:01,,Eilia1,
2025-04-09 01:28:01,,BotRix,@HIl7 ูุฏูู ููุงุท 8240.
2025-04-09 01:28:01,,AYOUB_AL_ABBASI,
2025-04-09 01:28:01,,RAYANMX,ูุนุจ ุจููู ุฏูุจูุฉุฉุฉุฉ
2025-04-09 01:28:02,,Koteba_essa,ุงููู ููุฎู
2025-04-09 01:28:04,,3zie,
2025-04-09 01:28:04,,Yassodj,
2025-04-09 01:28:04,,A_ZAZA,ูููููููููููููู
2025-04-09 01:28:04,,Bahr_Egypt,
2025-04-09 01:28:04,,Mostafa_Ramadan,ุงู ุงูุชุญุฏูุซ ุฏู
2025-04-09 01:28:04,,1ruzex,
2025-04-09 01:28:04,,HusseinNamer,
2025-04-09 01:28:04,,iqerth,ุดูู ุฏุฒูู ุดุชุฑุงู
2025-04-09 01:28:04,,Nadrovic1,
2025-04-09 01:28:04,,Muller_SY,
2025-04-09 01:28:04,,Gamer23h,
2025-04-09 01:28:04,,Abdalrhman1846,ูุฑุณุชุงู ูุงุนุฏ ูุฎุฑุจ ุงููุนุจู
2025-04-09 01:28:04,,No011,ูุงุจู ูุนุจุฉ ุฌุงููู
2025-04-09 01:28:04,,Yassodj,
2025-04-09 01:28:04,,HIl7,!Points
2025-04-09 01:28:04,,Eilia1,
2025-04-09 01:28:04,,BotRix,@HIl7 ูุฏูู ููุงุท 8240.
2025-04-09 01:28:04,,AYOUB_AL_ABBASI,
2025-04-09 01:28:04,,RAYANMX,ูุนุจ ุจููู ุฏูุจูุฉุฉุฉุฉ
2025-04-09 01:28:04,,Koteba_essa,ุงููู ููุฎู
2025-04-09 01:28:04,,PhAhmed,
2025-04-09 01:28:04,,SamcoAlassaf,ุนูู ููููููููููู ุชุตูููุฑุฑุฑุฑุฑุฑุฑุฑุฑุฑ
2025-04-09 01:28:04,,Marwan_Abuzahra,!points
2025-04-09 01:28:05,,BotRix,@Marwan_Abuzahra ูุฏูู ููุงุท 5640.
2025-04-09 01:28:05,,Son_GokuV99,! points
2025-04-09 01:28:05,,BotRix,@Son_GokuV99 ูุฏูู ููุงุท 24260.
2025-04-09 01:28:07,,Muller_SY,
2025-04-09 01:28:07,,Gamer23h,
2025-04-09 01:28:07,,Abdalrhman1846,ูุฑุณุชุงู ูุงุนุฏ ูุฎุฑุจ ุงููุนุจู
2025-04-09 01:28:07,,No011,ูุงุจู ูุนุจุฉ ุฌุงููู
2025-04-09 01:28:07,,Yassodj,
2025-04-09 01:28:07,,HIl7,!Points
2025-04-09 01:28:07,,Eilia1,
2025-04-09 01:28:07,,BotRix,@HIl7 ูุฏูู ููุงุท 8240.
2025-04-09 01:28:07,,AYOUB_AL_ABBASI,
2025-04-09 01:28:07,,RAYANMX,ูุนุจ ุจููู ุฏูุจูุฉุฉุฉุฉ
2025-04-09 01:28:07,,Koteba_essa,ุงููู ููุฎู
2025-04-09 01:28:07,,PhAhmed,
2025-04-09 01:28:07,,SamcoAlassaf,ุนูู ููููููููููู ุชุตูููุฑุฑุฑุฑุฑุฑุฑุฑุฑุฑ
2025-04-09 01:28:07,,Marwan_Abuzahra,!points
2025-04-09 01:28:07,,BotRix,@Marwan_Abuzahra ูุฏูู ููุงุท 5640.
2025-04-09 01:28:07,,Son_GokuV99,! points
2025-04-09 01:28:07,,BotRix,@Son_GokuV99 ูุฏูู ููุงุท 24260.
2025-04-09 01:28:07,,MIX8,
2025-04-09 01:28:07,,ABDUAlQADIR,
2025-04-09 01:28:07,,iamzamdt,!points
2025-04-09 01:28:07,,Ali_Ba,
2025-04-09 01:28:07,,Yassodj,
2025-04-09 01:28:08,,BotRix,@iamzamdt ูุฏูู ููุงุท 4535.
2025-04-09 01:28:08,,Saffouanesaff,ููุด ูุงุจุง ููุด
2025-04-09 01:28:08,,re_mo4,!points
2025-04-09 01:28:08,,BotRix,@re_mo4 ูุฏูู ููุงุท 1630.
2025-04-09 01:28:10,,Gamer23h,
2025-04-09 01:28:10,,Abdalrhman1846,ูุฑุณุชุงู ูุงุนุฏ ูุฎุฑุจ ุงููุนุจู
2025-04-09 01:28:10,,No011,ูุงุจู ูุนุจุฉ ุฌุงููู
2025-04-09 01:28:10,,Yassodj,
2025-04-09 01:28:10,,HIl7,!Points
2025-04-09 01:28:10,,Eilia1,
2025-04-09 01:28:10,,BotRix,@HIl7 ูุฏูู ููุงุท 8240.
2025-04-09 01:28:10,,AYOUB_AL_ABBASI,
2025-04-09 01:28:10,,RAYANMX,ูุนุจ ุจููู ุฏูุจูุฉุฉุฉุฉ
2025-04-09 01:28:10,,Koteba_essa,ุงููู ููุฎู
2025-04-09 01:28:10,,PhAhmed,
2025-04-09 01:28:10,,SamcoAlassaf,ุนูู ููููููููููู ุชุตูููุฑุฑุฑุฑุฑุฑุฑุฑุฑุฑ
2025-04-09 01:28:10,,Marwan_Abuzahra,!points
2025-04-09 01:28:10,,BotRix,@Marwan_Abuzahra ูุฏูู ููุงุท 5640.
2025-04-09 01:28:10,,Son_GokuV99,! points
2025-04-09 01:28:10,,BotRix,@Son_GokuV99 ูุฏูู ููุงุท 24260.
2025-04-09 01:28:10,,MIX8,
2025-04-09 01:28:10,,ABDUAlQADIR,
2025-04-09 01:28:10,,iamzamdt,!points
2025-04-09 01:28:10,,Ali_Ba,
2025-04-09 01:28:10,,Yassodj,
2025-04-09 01:28:11,,BotRix,@iamzamdt ูุฏูู ููุงุท 4535.
2025-04-09 01:28:11,,Saffouanesaff,ููุด ูุงุจุง ููุด
2025-04-09 01:28:11,,re_mo4,!points
2025-04-09 01:28:11,,BotRix,@re_mo4 ูุฏูู ููุงุท 1630.
2025-04-09 01:28:11,,SamcoAlassaf,ูููุงุงุงุทุทุทูููู ุงูุดุดุดุดุดุด
2025-04-09 01:28:13,,Koteba_essa,ุงููู ููุฎู
2025-04-09 01:28:13,,PhAhmed,
2025-04-09 01:28:13,,SamcoAlassaf,ุนูู ููููููููููู ุชุตูููุฑุฑุฑุฑุฑุฑุฑุฑุฑุฑ
2025-04-09 01:28:13,,Marwan_Abuzahra,!points
2025-04-09 01:28:13,,BotRix,@Marwan_Abuzahra ูุฏูู ููุงุท 5640.
2025-04-09 01:28:13,,Son_GokuV99,! points
2025-04-09 01:28:13,,BotRix,@Son_GokuV99 ูุฏูู ููุงุท 24260.
2025-04-09 01:28:13,,MIX8,
2025-04-09 01:28:13,,ABDUAlQADIR,
2025-04-09 01:28:13,,iamzamdt,!points
2025-04-09 01:28:13,,Ali_Ba,
2025-04-09 01:28:13,,Yassodj,
2025-04-09 01:28:13,,BotRix,@iamzamdt ูุฏูู ููุงุท 4535.
2025-04-09 01:28:13,,Saffouanesaff,ููุด ูุงุจุง ููุด
2025-04-09 01:28:13,,re_mo4,!points
2025-04-09 01:28:13,,BotRix,@re_mo4 ูุฏูู ููุงุท 1630.
2025-04-09 01:28:13,,SamcoAlassaf,ูููุงุงุงุทุทุทูููู ุงูุดุดุดุดุดุด
2025-04-09 01:28:14,,OmAr9440,
2025-04-09 01:28:14,,yousef_997,!points
2025-04-09 01:28:14,,BotRix,@yousef_997 ูุฏูู ููุงุท 2800.
2025-04-09 01:28:14,,HusseinNamer,! Points
2025-04-09 01:28:14,,Son_GokuV99,*****
2025-04-09 01:28:14,,1mzh,ุดู ูุตูุฑ ูุง ูุตูุฑ
2025-04-09 01:28:14,,BotRix,@HusseinNamer ูุฏูู ููุงุท 23920.
2025-04-09 01:28:14,,1ruzex,ุดู ูุฐู ุงูููู*ู ููู ุชุตูู ุงูููุงุท ูุง ุฎุฑุงุงุงุง
2025-04-09 01:28:14,,BotHix,!points @SamcoAlassaf
2025-04-09 01:28:16,,BotRix,@iamzamdt ูุฏูู ููุงุท 4535.
2025-04-09 01:28:16,,Saffouanesaff,ููุด ูุงุจุง ููุด
2025-04-09 01:28:16,,re_mo4,!points
2025-04-09 01:28:16,,BotRix,@re_mo4 ูุฏูู ููุงุท 1630.
2025-04-09 01:28:16,,SamcoAlassaf,ูููุงุงุงุทุทุทูููู ุงูุดุดุดุดุดุด
2025-04-09 01:28:16,,OmAr9440,
2025-04-09 01:28:16,,yousef_997,!points
2025-04-09 01:28:16,,BotRix,@yousef_997 ูุฏูู ููุงุท 2800.
2025-04-09 01:28:16,,HusseinNamer,! Points
2025-04-09 01:28:16,,Son_GokuV99,*****
2025-04-09 01:28:16,,1mzh,ุดู ูุตูุฑ ูุง ูุตูุฑ
2025-04-09 01:28:16,,BotRix,@HusseinNamer ูุฏูู ููุงุท 23920.
2025-04-09 01:28:16,,1ruzex,ุดู ูุฐู ุงูููู*ู ููู ุชุตูู ุงูููุงุท ูุง ุฎุฑุงุงุงุง
2025-04-09 01:28:16,,BotHix,!points @SamcoAlassaf
2025-04-09 01:28:16,,Ali_Ba,!points
2025-04-09 01:28:16,,BotRix,@SamcoAlassaf ูุฏูู ููุงุท 78150.
2025-04-09 01:28:17,,AlFurati,...
2025-04-09 01:28:17,,BotRix,@Ali_Ba ูุฏูู ููุงุท 30530.
2025-04-09 01:28:17,,Ismael_ojel,ููู ุญุงุณุณ ุงูู ุชุญุฏูุซ ู ููู ุฒุจุงุงุงุงุงุงุงูุฉ ูุชูุฑ
2025-04-09 01:28:17,,xMrBean,ุงููุดููู ุงูู ูู ุงุฌูุงุน ุงูู ูุงู ุงููู ุญููู ููู ุงูุญูู ุจูููุถูุน
2025-04-09 01:28:17,,Yassodj,
2025-04-09 01:28:17,,No011,!points
2025-04-09 01:28:17,,48Achraf,!points
2025-04-09 01:28:17,,Marwan_Abuzahra,*****
2025-04-09 01:28:17,,BotRix,@No011 ูุฏูู ููุงุท 5110.
2025-04-09 01:28:17,,BotRix,@48Achraf ูุฏูู ููุงุท 45035.
2025-04-09 01:28:19,,SamcoAlassaf,ูููุงุงุงุทุทุทูููู ุงูุดุดุดุดุดุด
2025-04-09 01:28:19,,OmAr9440,
2025-04-09 01:28:19,,yousef_997,!points
2025-04-09 01:28:19,,BotRix,@yousef_997 ูุฏูู ููุงุท 2800.
2025-04-09 01:28:19,,HusseinNamer,! Points
2025-04-09 01:28:19,,Son_GokuV99,*****
2025-04-09 01:28:19,,1mzh,ุดู ูุตูุฑ ูุง ูุตูุฑ
2025-04-09 01:28:19,,BotRix,@HusseinNamer ูุฏูู ููุงุท 23920.
2025-04-09 01:28:19,,1ruzex,ุดู ูุฐู ุงูููู*ู ููู ุชุตูู ุงูููุงุท ูุง ุฎุฑุงุงุงุง
2025-04-09 01:28:19,,BotHix,!points @SamcoAlassaf
2025-04-09 01:28:19,,Ali_Ba,!points
2025-04-09 01:28:19,,BotRix,@SamcoAlassaf ูุฏูู ููุงุท 78150.
2025-04-09 01:28:19,,AlFurati,...
2025-04-09 01:28:19,,BotRix,@Ali_Ba ูุฏูู ููุงุท 30530.
2025-04-09 01:28:19,,Ismael_ojel,ููู ุญุงุณุณ ุงูู ุชุญุฏูุซ ู ููู ุฒุจุงุงุงุงุงุงุงูุฉ ูุชูุฑ
2025-04-09 01:28:20,,xMrBean,ุงููุดููู ุงูู ูู ุงุฌูุงุน ุงูู ูุงู ุงููู ุญููู ููู ุงูุญูู ุจูููุถูุน
2025-04-09 01:28:20,,Yassodj,
2025-04-09 01:28:20,,No011,!points
2025-04-09 01:28:20,,48Achraf,!points
2025-04-09 01:28:20,,Marwan_Abuzahra,*****
2025-04-09 01:28:20,,BotRix,@No011 ูุฏูู ููุงุท 5110.
2025-04-09 01:28:20,,BotRix,@48Achraf ูุฏูู ููุงุท 45035.
2025-04-09 01:28:20,,RAYANMX,ูุฑุณุชุงู ุจุงููู
2025-04-09 01:28:20,,aisha_1,ููููููู ูุนุฏุช ุณูู ุงุฌูุน ููุงุท ุน ูููู ููููู
2025-04-09 01:28:20,,Lii0N,ููุด ุชุตูุฑ ูุงูุตููุฑ
2025-04-09 01:28:20,,PhAhmed,
2025-04-09 01:28:22,,Son_GokuV99,*****
2025-04-09 01:28:22,,1mzh,ุดู ูุตูุฑ ูุง ูุตูุฑ
2025-04-09 01:28:22,,BotRix,@HusseinNamer ูุฏูู ููุงุท 23920.
2025-04-09 01:28:22,,1ruzex,ุดู ูุฐู ุงูููู*ู ููู ุชุตูู ุงูููุงุท ูุง ุฎุฑุงุงุงุง
2025-04-09 01:28:22,,BotHix,!points @SamcoAlassaf
2025-04-09 01:28:22,,Ali_Ba,!points
2025-04-09 01:28:22,,BotRix,@SamcoAlassaf ูุฏูู ููุงุท 78150.
2025-04-09 01:28:22,,AlFurati,...
2025-04-09 01:28:22,,BotRix,@Ali_Ba ูุฏูู ููุงุท 30530.
2025-04-09 01:28:22,,Ismael_ojel,ููู ุญุงุณุณ ุงูู ุชุญุฏูุซ ู ููู ุฒุจุงุงุงุงุงุงุงูุฉ ูุชูุฑ
2025-04-09 01:28:22,,xMrBean,ุงููุดููู ุงูู ูู ุงุฌูุงุน ุงูู ูุงู ุงููู ุญููู ููู ุงูุญูู ุจูููุถูุน
2025-04-09 01:28:22,,Yassodj,
2025-04-09 01:28:23,,No011,!points
2025-04-09 01:28:23,,48Achraf,!points
2025-04-09 01:28:23,,Marwan_Abuzahra,*****
2025-04-09 01:28:23,,BotRix,@No011 ูุฏูู ููุงุท 5110.
2025-04-09 01:28:23,,BotRix,@48Achraf ูุฏูู ููุงุท 45035.
2025-04-09 01:28:23,,RAYANMX,ูุฑุณุชุงู ุจุงููู
2025-04-09 01:28:23,,aisha_1,ููููููู ูุนุฏุช ุณูู ุงุฌูุน ููุงุท ุน ูููู ููููู
2025-04-09 01:28:23,,Lii0N,ููุด ุชุตูุฑ ูุงูุตููุฑ
2025-04-09 01:28:23,,PhAhmed,
2025-04-09 01:28:23,,Muller_SY,
2025-04-09 01:28:23,,Hamzees,!ููุงุทู
2025-04-09 01:28:23,,molyaa,
2025-04-09 01:28:23,,karam911911,ุดุจุงุจ ูู ุตุงุฑููู ููุนุจู ูุฎุฏุฑุงุช
